test_row,ensemble_probability,shap_base_value,sum_shap_values,reconstructed_probability,absolute_reconstruction_error
0,4.440305991937911e-05,0.2002737159826043,-0.2002293129226849,4.440305991940119e-05,2.2077066737236084e-17
1,0.9991517176115672,0.2002737159826043,0.798878001628963,0.9991517176115674,2.220446049250313e-16
2,0.9944314712300192,0.2002737159826043,0.7941577552474121,0.9944314712300164,2.7755575615628914e-15
3,0.9981621812887738,0.2002737159826043,0.7978884653061712,0.9981621812887755,1.7763568394002505e-15
4,1.8372120852481745e-05,0.2002737159826043,-0.20025534386175137,1.8372120852927498e-05,4.457527825584701e-16
5,0.9877548012163352,0.2002737159826043,0.7874810852337317,0.987754801216336,7.771561172376096e-16
6,7.827972185347894e-05,0.2002737159826043,-0.2001954362607506,7.827972185370236e-05,2.2341341016779426e-16
7,0.989639541547263,0.2002737159826043,0.7893658255646583,0.9896395415472625,4.440892098500626e-16
8,0.9941792287116982,0.2002737159826043,0.7939055127290953,0.9941792287116995,1.3322676295501878e-15
9,0.9978319037415212,0.2002737159826043,0.7975581877589183,0.9978319037415226,1.4432899320127035e-15
10,0.0025463206121687,0.2002737159826043,-0.19772739537043554,0.002546320612168751,5.074066167232161e-17
11,0.9982333607309584,0.2002737159826043,0.7979596447483555,0.9982333607309597,1.3322676295501878e-15
12,0.9985282844023956,0.2002737159826043,0.7982545684197926,0.9985282844023968,1.2212453270876722e-15
13,0.9973849467396227,0.2002737159826043,0.7971112307570201,0.9973849467396243,1.5543122344752192e-15
14,0.3167149951093436,0.2002737159826043,0.11644127912673917,0.3167149951093435,1.1102230246251565e-16
15,0.9911869282212042,0.2002737159826043,0.790913212238602,0.9911869282212062,1.9984014443252818e-15
16,0.8776669377734075,0.2002737159826043,0.6773932217908037,0.8776669377734081,5.551115123125783e-16
17,0.9935507715497168,0.2002737159826043,0.7932770555671128,0.9935507715497172,3.3306690738754696e-16
18,0.0997715505565555,0.2002737159826043,-0.10050216542604881,0.09977155055655548,1.3877787807814457e-17
19,9.958992572194325e-05,0.2002737159826043,-0.20017412605688237,9.958992572192682e-05,1.6425662913155392e-17
20,0.1077521161481622,0.2002737159826043,-0.09252159983444211,0.10775211614816219,1.3877787807814457e-17
21,0.9983455230059346,0.2002737159826043,0.798071807023332,0.9983455230059364,1.7763568394002505e-15
22,0.990086674325932,0.2002737159826043,0.7898129583433293,0.9900866743259336,1.5543122344752192e-15
23,0.9983358413584448,0.2002737159826043,0.7980621253758391,0.9983358413584433,1.4432899320127035e-15
24,0.1638981844082959,0.2002737159826043,-0.03637553157430829,0.163898184408296,1.1102230246251565e-16
25,0.9993254215729408,0.2002737159826043,0.7990517055903332,0.9993254215729375,3.3306690738754696e-15
26,0.996996183484378,0.2002737159826043,0.7967224675017756,0.9969961834843799,1.887379141862766e-15
27,2.796697942904987e-05,0.2002737159826043,-0.20024574900317516,2.7966979429139283e-05,8.941279791216394e-17
28,0.9994958147909652,0.2002737159826043,0.7992220988083603,0.9994958147909645,6.661338147750939e-16
29,0.9954507319207326,0.2002737159826043,0.7951770159381263,0.9954507319207306,1.9984014443252818e-15
30,0.9991910450818868,0.2002737159826043,0.7989173290992818,0.9991910450818862,6.661338147750939e-16
31,0.991127087786444,0.2002737159826043,0.7908533718038381,0.9911270877864424,1.5543122344752192e-15
32,0.9967553661406344,0.2002737159826043,0.7964816501580286,0.996755366140633,1.4432899320127035e-15
33,4.443892316837119e-05,0.2002737159826043,-0.20022927705943577,4.4438923168521605e-05,1.5041272264162964e-16
34,5.443804578013436e-05,0.2002737159826043,-0.2002192779368242,5.4438045780091926e-05,4.243296252565143e-17
35,0.0001641888701516,0.2002737159826043,-0.2001095271124527,0.00016418887015159922,7.860465750519907e-19
36,2.3988566378930943e-05,0.2002737159826043,-0.2002497274162252,2.3988566379085086e-05,1.5414305574133758e-16
37,3.320627608151794e-05,0.2002737159826043,-0.2002405097065227,3.320627608158211e-05,6.417121608398579e-17
38,4.8862073481657575e-05,0.2002737159826043,-0.20022485390912273,4.8862073481564794e-05,9.278060091044704e-17
39,2.8571228114325804e-05,0.2002737159826043,-0.20024514475449,2.8571228114282476e-05,4.332742931795197e-17
40,4.89373867123792e-05,0.2002737159826043,-0.20022477859589174,4.893738671254977e-05,1.7056533052270395e-16
41,4.678427045758301e-05,0.2002737159826043,-0.20022693171214667,4.678427045762268e-05,3.9668246985813393e-17
42,3.832731465355238e-05,0.2002737159826043,-0.20023538866795043,3.832731465386319e-05,3.1080688153370395e-16
43,2.684348521050634e-05,0.2002737159826043,-0.2002468724973935,2.6843485210786833e-05,2.8049326641736705e-16
44,0.2159557964031038,0.2002737159826043,0.015682080420499792,0.21595579640310408,2.7755575615628914e-16
45,0.4579755502412964,0.2002737159826043,0.2577018342586919,0.4579755502412962,1.6653345369377348e-16
46,2.632091879003797e-05,0.2002737159826043,-0.2002473950638139,2.6320918790401215e-05,3.6324499723232317e-16
47,0.0005277339302386,0.2002737159826043,-0.19974598205236532,0.0005277339302389716,3.716645047280309e-16
48,2.5455063619196e-05,0.2002737159826043,-0.2002482609189847,2.545506361958938e-05,3.9337904136384216e-16
49,2.5234016579723925e-05,0.2002737159826043,-0.20024848196602416,2.5234016580139018e-05,4.150935779996534e-16
50,0.0008779917344522,0.2002737159826043,-0.19939572424815177,0.0008779917344525212,3.2124910370745496e-16
51,0.0042241743735232,0.2002737159826043,-0.19604954160908078,0.004224174373523515,3.148523108897905e-16
52,3.779000775858128e-05,0.2002737159826043,-0.2002359259748455,3.779000775880337e-05,2.220852625064995e-16
53,2.6323153170966628e-05,0.2002737159826043,-0.20024739282943288,2.632315317141476e-05,4.481312510743601e-16
54,3.782478399743447e-05,0.2002737159826043,-0.20023589119860666,3.7824783997636446e-05,2.019733122068934e-16
55,2.4014314279474296e-05,0.2002737159826043,-0.20024970166832456,2.4014314279729998e-05,2.557023061171282e-16
56,3.784097873268394e-05,0.2002737159826043,-0.2002358750038714,3.784097873288372e-05,1.997845790711883e-16
57,3.6270508149159134e-05,0.2002737159826043,-0.20023744547445488,3.627050814941635e-05,2.5721341289502986e-16
58,2.657489182039321e-05,0.2002737159826043,-0.20024714109078345,2.657489182084083e-05,4.476196431742185e-16
59,3.752475044972836e-05,0.2002737159826043,-0.20023619123215425,3.752475045004644e-05,3.1807781235293486e-16
60,0.0003489117548378,0.2002737159826043,-0.1999248042277663,0.00034891175483800496,2.0496842070838461e-16
61,2.626879343644262e-05,0.2002737159826043,-0.20024744718916748,2.626879343681221e-05,3.695909680731524e-16
62,0.0753577601517512,0.2002737159826043,-0.12491595583085281,0.07535776015175148,2.7755575615628914e-16
63,0.0001298161075018,0.2002737159826043,-0.20014389987510225,0.00012981610750203987,2.3987973066241786e-16
64,3.617936499516516e-05,0.2002737159826043,-0.2002375366176088,3.617936499550334e-05,3.381762101253849e-16
65,3.4607518506441005e-05,0.2002737159826043,-0.20023910846409737,3.4607518506923896e-05,4.828900950978876e-16
66,2.626879343644262e-05,0.2002737159826043,-0.20024744718916718,2.626879343711752e-05,6.749022998450704e-16
67,0.0001075776891411,0.2002737159826043,-0.20016613829346266,0.00010757768914163024,5.30242624981192e-16
68,0.0001418196485153,0.2002737159826043,-0.2001318963340888,0.00014181964851550655,2.065405138584886e-16
69,0.0512204558193713,0.2002737159826043,-0.14905326016323286,0.05122045581937143,1.3183898417423734e-16
70,0.0046294012764197,0.2002737159826043,-0.1956443147061843,0.004629401276420003,3.0357660829594124e-16
71,0.3682965218822065,0.2002737159826043,0.16802280589960264,0.36829652188220696,4.440892098500626e-16
72,9.90282153494614e-05,0.2002737159826043,-0.20017468776725494,9.902821534935047e-05,1.1092743477242317e-16
73,0.0001221580040148,0.2002737159826043,-0.20015155797858947,0.00012215800401482735,2.734899980094685e-17
74,0.0001013456082775,0.2002737159826043,-0.2001723703743266,0.00010134560827768091,1.8091268500636248e-16
75,0.9773066285913732,0.2002737159826043,0.7770329126087698,0.9773066285913741,8.881784197001252e-16
76,0.0081051321494273,0.2002737159826043,-0.19216858383317698,0.008105132149427319,1.9081958235744878e-17
77,0.0019307314106,0.2002737159826043,-0.19834298457200406,0.0019307314106002393,2.393918396847994e-16
78,0.0001192509828266,0.2002737159826043,-0.20015446499977751,0.0001192509828267796,1.795980898722238e-16
79,0.9907280442250388,0.2002737159826043,0.7904543282424331,0.9907280442250375,1.3322676295501878e-15
80,0.0030300935715738,0.2002737159826043,-0.1972436224110304,0.003030093571573883,8.283304597789254e-17
81,0.1911812079099986,0.2002737159826043,-0.009092508072605681,0.19118120790999862,2.7755575615628914e-17
82,0.0019766853327889,0.2002737159826043,-0.198297030649815,0.001976685332789302,4.0202216555762504e-16
83,0.9847200728431176,0.2002737159826043,0.7844463568605131,0.9847200728431174,2.220446049250313e-16
84,0.0430356445173991,0.2002737159826043,-0.1572380714652051,0.04303564451739919,9.020562075079397e-17
85,0.0007019327819768,0.2002737159826043,-0.19957178320062735,0.0007019327819769439,1.4387362828882644e-16
86,0.0001545580232011,0.2002737159826043,-0.20011915795940327,0.00015455802320102352,7.649046326885234e-17
87,0.0001288773120441,0.2002737159826043,-0.20014483867056018,0.00012887731204411224,1.2224379494774062e-17
88,0.0003027312714047,0.2002737159826043,-0.19997098471119992,0.0003027312714043717,3.2829641782861074e-16
89,0.0645615117194697,0.2002737159826043,-0.13571220426313432,0.06456151171946997,2.7755575615628914e-16
90,9.017451853251724e-05,0.2002737159826043,-0.20018354146407166,9.017451853263192e-05,1.1468148479465423e-16
91,0.9419569370403966,0.2002737159826043,0.7416832210577927,0.9419569370403971,4.440892098500626e-16
92,0.0001412767036066,0.2002737159826043,-0.2001324392789974,0.0001412767036068907,2.907017074976759e-16
93,0.001294798738049,0.2002737159826043,-0.19897891724455508,0.0012947987380492187,2.187919984075748e-16
94,0.0005085764718064,0.2002737159826043,-0.19976513951079758,0.0005085764718067154,3.1539441197603324e-16
95,0.0002794443352752,0.2002737159826043,-0.19999427164732908,0.00027944433527521406,1.4040418133687282e-17
96,0.981690488703469,0.2002737159826043,0.7814167727208633,0.9816904887034676,1.3322676295501878e-15
97,0.000181666505566,0.2002737159826043,-0.20009204947703824,0.00018166650556605823,5.822165666247159e-17
98,0.0756221492215497,0.2002737159826043,-0.12465156676105442,0.07562214922154988,1.8041124150158794e-16
99,0.9807731177034232,0.2002737159826043,0.7804994017208181,0.9807731177034225,7.771561172376096e-16
100,0.0002897157922646,0.2002737159826043,-0.19998400019033974,0.00028971579226455546,4.456070928915423e-17
101,0.0001418208073132,0.2002737159826043,-0.20013189517529098,0.00014182080731331426,1.1424780392566003e-16
102,0.0001241654137791,0.2002737159826043,-0.20014955056882527,0.00012416541377902046,7.952622935181175e-17
103,0.0001285237619233,0.2002737159826043,-0.20014519222068072,0.0001285237619235713,2.7129448861018535e-16
104,0.0001059650413793,0.2002737159826043,-0.2001677509412248,0.00010596504137949658,1.9657940639877802e-16
105,0.0001064136950198,0.2002737159826043,-0.2001673022875844,0.00010641369501990239,1.0238934266409982e-16
106,0.0001343039036973,0.2002737159826043,-0.20013941207890684,0.0001343039036974525,1.524930355600862e-16
107,0.0001059572386518,0.2002737159826043,-0.20016775874395226,0.00010595723865203244,2.324393932537361e-16
108,0.000134353248918,0.2002737159826043,-0.20013936273368627,0.0001343532489180288,2.881267273380228e-17
109,0.000136115500404,0.2002737159826043,-0.20013760048220003,0.0001361155004042658,2.657921625848214e-16
