configuration,split_seed,validation_seed,model_seed,xgb_weight,lgbm_weight,accuracy,precision,recall,macro_f1,auc_roc,auc_pr,brier_score,tn,fp,fn,tp,partition_index
Cell_A_primary_50_50_without_attendance_decay,42,43,42,0.5,0.5,0.9636363636363636,0.9666666666666667,0.90625,0.9550837076357697,0.9919871794871795,0.9828184498060749,0.030967842003049445,77,1,3,29,0
Cell_A_primary_50_50_without_attendance_decay,42,43,43,0.5,0.5,0.9636363636363636,0.9375,0.9375,0.9559294871794872,0.9919871794871795,0.9828184498060749,0.031209910773721938,76,2,2,30,0
Cell_A_primary_50_50_without_attendance_decay,42,43,44,0.5,0.5,0.9636363636363636,0.9375,0.9375,0.9559294871794872,0.9919871794871794,0.9820210355445453,0.031322047534641295,76,2,2,30,0
Cell_A_primary_50_50_without_attendance_decay,42,43,45,0.5,0.5,0.9636363636363636,0.9375,0.9375,0.9559294871794872,0.9919871794871795,0.982818449806075,0.031341491850718606,76,2,2,30,0
Cell_A_primary_50_50_without_attendance_decay,42,43,46,0.5,0.5,0.9727272727272728,0.967741935483871,0.9375,0.9666363360630876,0.9927884615384616,0.9837801716586684,0.030292009539286856,77,1,2,30,0
Cell_A_primary_50_50_without_attendance_decay,42,43,47,0.5,0.5,0.9727272727272728,0.967741935483871,0.9375,0.9666363360630876,0.9927884615384616,0.9844013746426763,0.028881009345583672,77,1,2,30,0
Cell_A_primary_50_50_without_attendance_decay,42,43,48,0.5,0.5,0.9727272727272728,0.967741935483871,0.9375,0.9666363360630876,0.9927884615384616,0.9844013746426763,0.031307594165291344,77,1,2,30,0
Cell_A_primary_50_50_without_attendance_decay,42,43,49,0.5,0.5,0.9727272727272728,0.967741935483871,0.9375,0.9666363360630876,0.9915865384615384,0.9816165267291519,0.031182132514758387,77,1,2,30,0
Cell_A_primary_50_50_without_attendance_decay,42,43,50,0.5,0.5,0.9727272727272728,0.967741935483871,0.9375,0.9666363360630876,0.9927884615384616,0.9840628651129903,0.027931726980093698,77,1,2,30,0
Cell_A_primary_50_50_without_attendance_decay,42,43,51,0.5,0.5,0.9636363636363636,0.9375,0.9375,0.9559294871794872,0.9923878205128205,0.9825301716586684,0.030158421996567847,76,2,2,30,0
Cell_A_primary_50_50_without_attendance_decay,52,53,42,0.5,0.5,0.9532710280373832,0.9565217391304348,0.8461538461538461,0.9338280766852196,0.9895536562203229,0.9473613969077305,0.030713878715633483,80,1,4,22,1
Cell_A_primary_50_50_without_attendance_decay,52,53,43,0.5,0.5,0.9719626168224299,0.96,0.9230769230769231,0.9613857813063875,0.9919278252611585,0.9629812115660065,0.02822566222779523,80,1,2,24,1
Cell_A_primary_50_50_without_attendance_decay,52,53,44,0.5,0.5,0.9626168224299065,0.9583333333333334,0.8846153846153846,0.9478048780487804,0.9914529914529914,0.9591350577198526,0.027948782785707525,80,1,3,23,1
Cell_A_primary_50_50_without_attendance_decay,52,53,45,0.5,0.5,0.9626168224299065,0.9583333333333334,0.8846153846153846,0.9478048780487804,0.9905033238366572,0.9500538611386561,0.027608934266348324,80,1,3,23,1
Cell_A_primary_50_50_without_attendance_decay,52,53,46,0.5,0.5,0.9532710280373832,0.9565217391304348,0.8461538461538461,0.9338280766852196,0.9905033238366572,0.9500538611386561,0.028757464509466632,80,1,4,22,1
Cell_A_primary_50_50_without_attendance_decay,52,53,47,0.5,0.5,0.9532710280373832,0.9565217391304348,0.8461538461538461,0.9338280766852196,0.9905033238366572,0.9500538611386561,0.027581841432574607,80,1,4,22,1
Cell_A_primary_50_50_without_attendance_decay,52,53,48,0.5,0.5,0.9532710280373832,0.9565217391304348,0.8461538461538461,0.9338280766852196,0.9900284900284901,0.9445593556441506,0.02842404731531338,80,1,4,22,1
Cell_A_primary_50_50_without_attendance_decay,52,53,49,0.5,0.5,0.9626168224299065,0.9583333333333334,0.8846153846153846,0.9478048780487804,0.9924026590693257,0.96647771506251,0.02739323708592638,80,1,3,23,1
Cell_A_primary_50_50_without_attendance_decay,52,53,50,0.5,0.5,0.9719626168224299,0.96,0.9230769230769231,0.9613857813063875,0.99002849002849,0.952307275030001,0.0274096795862855,80,1,2,24,1
Cell_A_primary_50_50_without_attendance_decay,52,53,51,0.5,0.5,0.9719626168224299,0.96,0.9230769230769231,0.9613857813063875,0.99002849002849,0.9523072750300011,0.027221063881392053,80,1,2,24,1
Cell_A_primary_50_50_without_attendance_decay,62,63,42,0.5,0.5,0.9719626168224299,0.9047619047619048,0.95,0.9547441139151276,0.9913793103448275,0.9714075313203946,0.026296788835027327,85,2,1,19,2
Cell_A_primary_50_50_without_attendance_decay,62,63,43,0.5,0.5,0.9719626168224299,0.9047619047619048,0.95,0.9547441139151276,0.9919540229885058,0.9705072254249553,0.02793044431972524,85,2,1,19,2
Cell_A_primary_50_50_without_attendance_decay,62,63,44,0.5,0.5,0.9719626168224299,0.9047619047619048,0.95,0.9547441139151276,0.9919540229885058,0.9724828001375989,0.02626785644113003,85,2,1,19,2
Cell_A_primary_50_50_without_attendance_decay,62,63,45,0.5,0.5,0.9719626168224299,0.9047619047619048,0.95,0.9547441139151276,0.9919540229885058,0.9705072254249553,0.02748928703302318,85,2,1,19,2
Cell_A_primary_50_50_without_attendance_decay,62,63,46,0.5,0.5,0.9719626168224299,0.9047619047619048,0.95,0.9547441139151276,0.9913793103448276,0.9714075313203946,0.027975425976651386,85,2,1,19,2
Cell_A_primary_50_50_without_attendance_decay,62,63,47,0.5,0.5,0.9719626168224299,0.9047619047619048,0.95,0.9547441139151276,0.9913793103448275,0.9714075313203946,0.027079358808411017,85,2,1,19,2
Cell_A_primary_50_50_without_attendance_decay,62,63,48,0.5,0.5,0.9719626168224299,0.9047619047619048,0.95,0.9547441139151276,0.9919540229885058,0.9724828001375989,0.026437378503659438,85,2,1,19,2
Cell_A_primary_50_50_without_attendance_decay,62,63,49,0.5,0.5,0.9719626168224299,0.9047619047619048,0.95,0.9547441139151276,0.9913793103448276,0.9720868030290781,0.027853730944609353,85,2,1,19,2
Cell_A_primary_50_50_without_attendance_decay,62,63,50,0.5,0.5,0.9719626168224299,0.9047619047619048,0.95,0.9547441139151276,0.9919540229885057,0.9743487077909828,0.026560760217153152,85,2,1,19,2
Cell_A_primary_50_50_without_attendance_decay,62,63,51,0.5,0.5,0.9626168224299065,0.8636363636363636,0.95,0.9407530454042081,0.9913793103448275,0.9714075313203946,0.029200807696727334,84,3,1,19,2
Cell_A_primary_50_50_without_attendance_decay,72,73,42,0.5,0.5,0.9537037037037037,0.9523809523809523,0.8333333333333334,0.9298245614035088,0.9851190476190476,0.952275857798002,0.04208403610318111,83,1,4,20,3
Cell_A_primary_50_50_without_attendance_decay,72,73,43,0.5,0.5,0.9537037037037037,0.9523809523809523,0.8333333333333334,0.9298245614035088,0.9875992063492064,0.9570278058098219,0.04128378112220398,83,1,4,20,3
Cell_A_primary_50_50_without_attendance_decay,72,73,44,0.5,0.5,0.9537037037037037,0.9523809523809523,0.8333333333333334,0.9298245614035088,0.9871031746031745,0.9585971679090755,0.0419936395222709,83,1,4,20,3
Cell_A_primary_50_50_without_attendance_decay,72,73,45,0.5,0.5,0.9537037037037037,0.9523809523809523,0.8333333333333334,0.9298245614035088,0.9875992063492064,0.9597773813737717,0.04244928193862174,83,1,4,20,3
Cell_A_primary_50_50_without_attendance_decay,72,73,46,0.5,0.5,0.9537037037037037,0.9523809523809523,0.8333333333333334,0.9298245614035088,0.9861111111111112,0.9544078563148725,0.04176098384502844,83,1,4,20,3
Cell_A_primary_50_50_without_attendance_decay,72,73,47,0.5,0.5,0.9537037037037037,0.9523809523809523,0.8333333333333334,0.9298245614035088,0.9866071428571428,0.9559930012424087,0.041838595460771205,83,1,4,20,3
Cell_A_primary_50_50_without_attendance_decay,72,73,48,0.5,0.5,0.9537037037037037,0.9523809523809523,0.8333333333333334,0.9298245614035088,0.986111111111111,0.9537319504306333,0.04138515941317514,83,1,4,20,3
Cell_A_primary_50_50_without_attendance_decay,72,73,49,0.5,0.5,0.9537037037037037,0.9523809523809523,0.8333333333333334,0.9298245614035088,0.9841269841269841,0.9459830326817156,0.042880589381707905,83,1,4,20,3
Cell_A_primary_50_50_without_attendance_decay,72,73,50,0.5,0.5,0.9444444444444444,0.95,0.7916666666666666,0.9143763213530656,0.9866071428571428,0.9555880697795686,0.04363538929849328,83,1,5,19,3
Cell_A_primary_50_50_without_attendance_decay,72,73,51,0.5,0.5,0.9537037037037037,0.9523809523809523,0.8333333333333334,0.9298245614035088,0.9866071428571429,0.9543954369293273,0.04181667253955848,83,1,4,20,3
Cell_A_primary_50_50_without_attendance_decay,82,83,42,0.5,0.5,0.944954128440367,0.8620689655172413,0.9259259259259259,0.9279100529100529,0.9846431797651309,0.9372668299253892,0.03728754331581252,78,4,2,25,4
Cell_A_primary_50_50_without_attendance_decay,82,83,43,0.5,0.5,0.944954128440367,0.8620689655172413,0.9259259259259259,0.9279100529100529,0.9859981933152665,0.9501811583952735,0.03744121142491314,78,4,2,25,4
Cell_A_primary_50_50_without_attendance_decay,82,83,44,0.5,0.5,0.944954128440367,0.8620689655172413,0.9259259259259259,0.9279100529100529,0.9846431797651309,0.942769678148544,0.037177854183624716,78,4,2,25,4
Cell_A_primary_50_50_without_attendance_decay,82,83,45,0.5,0.5,0.944954128440367,0.8620689655172413,0.9259259259259259,0.9279100529100529,0.9841915085817524,0.9362612894179332,0.037866041464871526,78,4,2,25,4
Cell_A_primary_50_50_without_attendance_decay,82,83,46,0.5,0.5,0.9541284403669725,0.8666666666666667,0.9629629629629629,0.940612400566634,0.9850948509485095,0.9459544357777461,0.03785846835884279,78,4,1,26,4
Cell_A_primary_50_50_without_attendance_decay,82,83,47,0.5,0.5,0.944954128440367,0.8620689655172413,0.9259259259259259,0.9279100529100529,0.9819331526648599,0.917499248989226,0.03956250603511795,78,4,2,25,4
Cell_A_primary_50_50_without_attendance_decay,82,83,48,0.5,0.5,0.944954128440367,0.8620689655172413,0.9259259259259259,0.9279100529100529,0.9841915085817524,0.9390659744448404,0.03828785779863731,78,4,2,25,4
Cell_A_primary_50_50_without_attendance_decay,82,83,49,0.5,0.5,0.944954128440367,0.8620689655172413,0.9259259259259259,0.9279100529100529,0.9837398373983739,0.9349507481073918,0.03877072827145489,78,4,2,25,4
Cell_A_primary_50_50_without_attendance_decay,82,83,50,0.5,0.5,0.944954128440367,0.8620689655172413,0.9259259259259259,0.9279100529100529,0.985546522131888,0.940114481468693,0.0346233528372331,78,4,2,25,4
Cell_A_primary_50_50_without_attendance_decay,82,83,51,0.5,0.5,0.944954128440367,0.8620689655172413,0.9259259259259259,0.9279100529100529,0.982836495031617,0.9250301131867569,0.03986068867000464,78,4,2,25,4
Cell_A_primary_50_50_without_attendance_decay,92,93,42,0.5,0.5,0.9619047619047619,0.8666666666666667,0.8666666666666667,0.9222222222222223,0.9918518518518519,0.94909381468205,0.026991572554705873,88,2,2,13,5
Cell_A_primary_50_50_without_attendance_decay,92,93,43,0.5,0.5,0.9619047619047619,0.8666666666666667,0.8666666666666667,0.9222222222222223,0.9925925925925926,0.955154420742656,0.026721747769794496,88,2,2,13,5
Cell_A_primary_50_50_without_attendance_decay,92,93,44,0.5,0.5,0.9619047619047619,0.8666666666666667,0.8666666666666667,0.9222222222222223,0.9918518518518519,0.9490938146820498,0.02652543757695017,88,2,2,13,5
Cell_A_primary_50_50_without_attendance_decay,92,93,45,0.5,0.5,0.9619047619047619,0.8666666666666667,0.8666666666666667,0.9222222222222223,0.9925925925925927,0.9551544207426559,0.026372397140608624,88,2,2,13,5
Cell_A_primary_50_50_without_attendance_decay,92,93,46,0.5,0.5,0.9619047619047619,0.8666666666666667,0.8666666666666667,0.9222222222222223,0.9896296296296296,0.9341086691086691,0.02836823681458881,88,2,2,13,5
Cell_A_primary_50_50_without_attendance_decay,92,93,47,0.5,0.5,0.9619047619047619,0.8666666666666667,0.8666666666666667,0.9222222222222223,0.9903703703703703,0.9407753357753358,0.02787556573423049,88,2,2,13,5
Cell_A_primary_50_50_without_attendance_decay,92,93,48,0.5,0.5,0.9619047619047619,0.8666666666666667,0.8666666666666667,0.9222222222222223,0.991111111111111,0.9458258408258409,0.02678596985867762,88,2,2,13,5
Cell_A_primary_50_50_without_attendance_decay,92,93,49,0.5,0.5,0.9619047619047619,0.8666666666666667,0.8666666666666667,0.9222222222222223,0.9925925925925926,0.955154420742656,0.02683544221670306,88,2,2,13,5
Cell_A_primary_50_50_without_attendance_decay,92,93,50,0.5,0.5,0.9714285714285714,0.875,0.9333333333333333,0.94323301495765,0.9925925925925926,0.9551544207426559,0.026075670700440902,88,2,1,14,5
Cell_A_primary_50_50_without_attendance_decay,92,93,51,0.5,0.5,0.9714285714285714,0.875,0.9333333333333333,0.94323301495765,0.9925925925925926,0.9551544207426559,0.026471814481383315,88,2,1,14,5
Cell_A_primary_50_50_without_attendance_decay,102,103,42,0.5,0.5,0.9553571428571429,0.9166666666666666,0.88,0.9346938775510204,0.9921839080459771,0.9779435424478903,0.027301345556902428,85,2,3,22,6
Cell_A_primary_50_50_without_attendance_decay,102,103,43,0.5,0.5,0.9553571428571429,0.9166666666666666,0.88,0.9346938775510204,0.991264367816092,0.9769322145944572,0.02800667876557898,85,2,3,22,6
Cell_A_primary_50_50_without_attendance_decay,102,103,44,0.5,0.5,0.9642857142857143,0.92,0.92,0.9485057471264369,0.9917241379310344,0.976821363125711,0.02666275858462644,85,2,2,23,6
Cell_A_primary_50_50_without_attendance_decay,102,103,45,0.5,0.5,0.9642857142857143,0.92,0.92,0.9485057471264369,0.991264367816092,0.9754538417581896,0.027629935723203682,85,2,2,23,6
Cell_A_primary_50_50_without_attendance_decay,102,103,46,0.5,0.5,0.9642857142857143,0.92,0.92,0.9485057471264369,0.9917241379310344,0.97801488747713,0.02745043041547642,85,2,2,23,6
Cell_A_primary_50_50_without_attendance_decay,102,103,47,0.5,0.5,0.9642857142857143,0.9565217391304348,0.88,0.946969696969697,0.991264367816092,0.9773401236444716,0.02679711946316194,86,1,3,22,6
Cell_A_primary_50_50_without_attendance_decay,102,103,48,0.5,0.5,0.9642857142857143,0.92,0.92,0.9485057471264369,0.9908045977011494,0.974742604204847,0.02746108816849006,85,2,2,23,6
Cell_A_primary_50_50_without_attendance_decay,102,103,49,0.5,0.5,0.9642857142857143,0.92,0.92,0.9485057471264369,0.992183908045977,0.9798330692953118,0.026432924973406813,85,2,2,23,6
Cell_A_primary_50_50_without_attendance_decay,102,103,50,0.5,0.5,0.9642857142857143,0.92,0.92,0.9485057471264369,0.9908045977011495,0.9753775248397676,0.027638762433710735,85,2,2,23,6
Cell_A_primary_50_50_without_attendance_decay,102,103,51,0.5,0.5,0.9642857142857143,0.92,0.92,0.9485057471264369,0.9926436781609196,0.9794768757812238,0.027442682972851042,85,2,2,23,6
Cell_A_primary_50_50_without_attendance_decay,112,113,42,0.5,0.5,0.9537037037037037,0.8214285714285714,1.0,0.9358288770053476,0.9872122762148338,0.9393433163611138,0.0378991236065971,80,5,0,23,7
Cell_A_primary_50_50_without_attendance_decay,112,113,43,0.5,0.5,0.9537037037037037,0.8214285714285714,1.0,0.9358288770053476,0.9867007672634271,0.9345123984867176,0.040238916290327116,80,5,0,23,7
Cell_A_primary_50_50_without_attendance_decay,112,113,44,0.5,0.5,0.9444444444444444,0.7931034482758621,1.0,0.924015009380863,0.9867007672634271,0.9345123984867176,0.0382038447460713,79,6,0,23,7
Cell_A_primary_50_50_without_attendance_decay,112,113,45,0.5,0.5,0.9629629629629629,0.8518518518518519,1.0,0.9479518072289157,0.986700767263427,0.9345123984867176,0.037138453799399465,81,4,0,23,7
Cell_A_primary_50_50_without_attendance_decay,112,113,46,0.5,0.5,0.9629629629629629,0.8518518518518519,1.0,0.9479518072289157,0.9867007672634271,0.9345123984867176,0.03799059932460293,81,4,0,23,7
Cell_A_primary_50_50_without_attendance_decay,112,113,47,0.5,0.5,0.9537037037037037,0.8214285714285714,1.0,0.9358288770053476,0.9861892583120204,0.929077615878022,0.03924438274016397,80,5,0,23,7
Cell_A_primary_50_50_without_attendance_decay,112,113,48,0.5,0.5,0.9629629629629629,0.8518518518518519,1.0,0.9479518072289157,0.9872122762148338,0.9369100966964363,0.0378516878481378,81,4,0,23,7
Cell_A_primary_50_50_without_attendance_decay,112,113,49,0.5,0.5,0.9537037037037037,0.8214285714285714,1.0,0.9358288770053476,0.9877237851662404,0.9446643392332875,0.03881057324847854,80,5,0,23,7
Cell_A_primary_50_50_without_attendance_decay,112,113,50,0.5,0.5,0.9629629629629629,0.8518518518518519,1.0,0.9479518072289157,0.9867007672634271,0.9345123984867176,0.038925720665336894,81,4,0,23,7
Cell_A_primary_50_50_without_attendance_decay,112,113,51,0.5,0.5,0.9537037037037037,0.8461538461538461,0.9565217391304348,0.9340095319564952,0.986700767263427,0.9379188149366122,0.04053745124954178,81,4,1,22,7
Cell_A_primary_50_50_without_attendance_decay,122,123,42,0.5,0.5,0.9357798165137615,0.8636363636363636,0.8260869565217391,0.9019910083493898,0.9828109201213346,0.9379299790971954,0.04652192086508457,83,3,4,19,8
Cell_A_primary_50_50_without_attendance_decay,122,123,43,0.5,0.5,0.9357798165137615,0.8636363636363636,0.8260869565217391,0.9019910083493898,0.9823053589484327,0.9376194200909842,0.04623139493191928,83,3,4,19,8
Cell_A_primary_50_50_without_attendance_decay,122,123,44,0.5,0.5,0.926605504587156,0.8260869565217391,0.8260869565217391,0.8897876643073812,0.9812942366026289,0.9349809957134293,0.04939394069641768,82,4,4,19,8
Cell_A_primary_50_50_without_attendance_decay,122,123,45,0.5,0.5,0.9357798165137615,0.8636363636363636,0.8260869565217391,0.9019910083493898,0.9812942366026289,0.9349809957134293,0.04737883475722086,83,3,4,19,8
Cell_A_primary_50_50_without_attendance_decay,122,123,46,0.5,0.5,0.9357798165137615,0.8636363636363636,0.8260869565217391,0.9019910083493898,0.9828109201213348,0.9379299790971953,0.047661877214023804,83,3,4,19,8
Cell_A_primary_50_50_without_attendance_decay,122,123,47,0.5,0.5,0.9357798165137615,0.8636363636363636,0.8260869565217391,0.9019910083493898,0.9838220424671386,0.9409049173193285,0.04457297982877857,83,3,4,19,8
Cell_A_primary_50_50_without_attendance_decay,122,123,48,0.5,0.5,0.9357798165137615,0.8636363636363636,0.8260869565217391,0.9019910083493898,0.9833164812942365,0.9397269348819757,0.04847038186068168,83,3,4,19,8
Cell_A_primary_50_50_without_attendance_decay,122,123,49,0.5,0.5,0.9357798165137615,0.8636363636363636,0.8260869565217391,0.9019910083493898,0.9823053589484327,0.9376194200909842,0.045940490135929525,83,3,4,19,8
Cell_A_primary_50_50_without_attendance_decay,122,123,50,0.5,0.5,0.9357798165137615,0.8636363636363636,0.8260869565217391,0.9019910083493898,0.9833164812942365,0.9398968528031995,0.045714762981229014,83,3,4,19,8
Cell_A_primary_50_50_without_attendance_decay,122,123,51,0.5,0.5,0.9357798165137615,0.8636363636363636,0.8260869565217391,0.9019910083493898,0.9823053589484327,0.9376194200909842,0.04652079348787602,83,3,4,19,8
Cell_A_primary_50_50_without_attendance_decay,132,133,42,0.5,0.5,0.9611650485436893,0.95,0.8636363636363636,0.9401858304297328,0.9870931537598204,0.963361787733797,0.03476922304342673,80,1,3,19,9
Cell_A_primary_50_50_without_attendance_decay,132,133,43,0.5,0.5,0.9611650485436893,0.9090909090909091,0.9090909090909091,0.9421997755331089,0.9882154882154882,0.9668513109147903,0.03368885973197107,79,2,2,20,9
Cell_A_primary_50_50_without_attendance_decay,132,133,44,0.5,0.5,0.9611650485436893,0.95,0.8636363636363636,0.9401858304297328,0.9898989898989898,0.9709023734885802,0.03271603118415778,80,1,3,19,9
Cell_A_primary_50_50_without_attendance_decay,132,133,45,0.5,0.5,0.9611650485436893,0.95,0.8636363636363636,0.9401858304297328,0.9893378226711561,0.9698271046713758,0.03361099551121644,80,1,3,19,9
Cell_A_primary_50_50_without_attendance_decay,132,133,46,0.5,0.5,0.970873786407767,0.9523809523809523,0.9090909090909091,0.9559138250820374,0.988776655443322,0.9688190401552468,0.031921236863993986,80,1,2,20,9
Cell_A_primary_50_50_without_attendance_decay,132,133,47,0.5,0.5,0.9611650485436893,0.9090909090909091,0.9090909090909091,0.9421997755331089,0.9898989898989898,0.9709023734885802,0.03242382159477803,79,2,2,20,9
Cell_A_primary_50_50_without_attendance_decay,132,133,48,0.5,0.5,0.9514563106796117,0.9047619047619048,0.8636363636363636,0.9265230418033956,0.9876543209876543,0.9659043412178208,0.03493185777191016,79,2,3,19,9
Cell_A_primary_50_50_without_attendance_decay,132,133,49,0.5,0.5,0.9611650485436893,0.95,0.8636363636363636,0.9401858304297328,0.988776655443322,0.9688190401552468,0.03302298330786662,80,1,3,19,9
Cell_A_primary_50_50_without_attendance_decay,132,133,50,0.5,0.5,0.9611650485436893,0.95,0.8636363636363636,0.9401858304297328,0.9887766554433222,0.9687299259879902,0.03289271291640993,80,1,3,19,9
Cell_A_primary_50_50_without_attendance_decay,132,133,51,0.5,0.5,0.970873786407767,0.9523809523809523,0.9090909090909091,0.9559138250820374,0.9887766554433222,0.9688190401552468,0.033012371544791676,80,1,2,20,9
